# Polish (pl) catalog for ArtCraft Toolbox. Columns, separated by a TAB:  context <TAB> source <TAB> translation
#
#   context  empty                a plain UI string; `source` is the English text in the code
#            @plural              `source` is "one|other" (the English forms); the translation lists the
#                                 language's forms separated by "|" (see `plural` in i18n/mod.rs)
#            anything else        a disambiguating context passed to `tr_ctx`
#   escapes  \n  \t  \\  inside a column. `{name}` placeholders must appear in both columns.
#   lines starting with # and blank lines are ignored.
#
# Clean-room: entries are written from the plain meaning of the English text in ordinary computing
# vocabulary, or taken from PhotoCraft's catalog for the same English string (MIT OR Apache-2.0,
# like this project). No proprietary localisation resource was consulted or copied.
# Product names (ArtCraft Toolbox, PhotoCraft, GitHub, macOS ...) stay as they are; the trailing "…"
# of commands that ask before acting is kept.

# == Interface
	Downloading {percent}%	Pobieranie {percent}%
	Cancel	Anuluj
	Stop; installing again resumes the download	Zatrzymaj; ponowna instalacja wznowi pobieranie
	Update {app} from {installed} to {latest}	Zaktualizuj {app} z {installed} do {latest}
	Update	Zaktualizuj
	Open	Otwórz
	Open {app}	Otwórz {app}
	Let the toolbox update and roll back the {app} found on this computer	Pozwól Toolboxowi aktualizować i przywracać wcześniejsze wersje aplikacji {app} znalezionej na tym komputerze
	Adopt	Zarządzaj
	Install {app} {version}	Zainstaluj {app} {version}
	Install	Zainstaluj
	Check for updates first	Najpierw sprawdź aktualizacje
	No app matches “{query}”	Żadna aplikacja nie pasuje do „{query}”
	Installed	Zainstalowane
	Update all ({n})	Zaktualizuj wszystkie ({n})
	Update every app that has an update	Zaktualizuj wszystkie aplikacje, dla których jest aktualizacja
	Checking {done} of {total}	Sprawdzanie {done} z {total}
	Check for updates	Sprawdź aktualizacje
	Search apps	Szukaj aplikacji
	Couldn't check: {error}	Nie udało się sprawdzić: {error}
	{version} installed outside the toolbox	{version} zainstalowana poza Toolboxem
	{status} · pinned to {version}	{status} · przypięta do {version}
	Last check failed: {error}	Ostatnie sprawdzanie nie powiodło się: {error}
	Back	Wstecz
	All apps	Wszystkie aplikacje
	The app is removed.	Aplikacja zostanie usunięta.
	Uninstall {app} {version}?	Odinstalować {app} {version}?
	Your documents and its settings are kept.	Twoje dokumenty i ustawienia aplikacji zostaną zachowane.
	Uninstall	Odinstaluj
	{status} · checked {when}	{status} · sprawdzono {when}
	Releases	Wydania
	Website	Strona internetowa
	Settings for {app}	Ustawienia aplikacji {app}
	Channel	Kanał
	Default ({value})	Domyślny ({value})
	Stable	Stabilny
	Pre-release	Przedpremierowy
	Updates	Aktualizacje
	automatic	automatycznie
	ask first	najpierw zapytaj
	Automatic	Automatycznie
	Ask first	Najpierw zapytaj
	Version	Wersja
	Latest	Najnowsza
	Pinned to {version}	Przypięta do {version}
	Pin to {version}	Przypnij do {version}
	Versions	Wersje
	Not checked yet: check for updates to see versions and release notes.	Jeszcze nie sprawdzono: sprawdź aktualizacje, aby zobaczyć wersje i informacje o wydaniach.
	pre-release	wersja przedpremierowa
	in use	w użyciu
	kept	zachowana
	pinned	przypięta
	no build for this computer	brak kompilacji dla tego komputera
	Switch to this version	Przełącz na tę wersję
	Install this version	Zainstaluj tę wersję
	Make {app} {version} the version in use, without downloading it	Używaj {app} {version} bez pobierania
	Download and install {app} {version}	Pobierz i zainstaluj {app} {version}
	No release notes.	Brak informacji o wydaniu.
	Open on GitHub	Otwórz w GitHubie
	Updated	Zaktualizowano
	An automatic update failed: {error}	Automatyczna aktualizacja nie powiodła się: {error}
	Update available	Dostępna aktualizacja
	Updates available	Dostępne aktualizacje
	Settings	Ustawienia
	Apps	Aplikacje
	Install updates automatically	Instaluj aktualizacje automatycznie
	Notify me when updates are found	Powiadamiaj o znalezionych aktualizacjach
	Notifications aren't available here	Powiadomienia nie są tu dostępne
	Keep running in the menu bar when the window is closed	Działaj dalej na pasku menu po zamknięciu okna
	Keep running in the system tray when the window is closed	Działaj dalej w zasobniku systemowym po zamknięciu okna
	There is no menu bar or tray icon on this desktop	Na tym pulpicie nie ma paska menu ani ikony w zasobniku
	Check every	Sprawdzaj co
	h	godz.
	0: only when asked	0: tylko na żądanie
	Appearance	Wygląd
	Language	Język
	Automatic ({language})	Automatycznie ({language})
	Theme	Motyw
	Same as the system	Jak w systemie
	Dark	Ciemny
	Light	Jasny
	Text size	Rozmiar tekstu
	{n}%	{n}%
	Also {keys}	Także {keys}
	About	O programie
	unsupported platform	nieobsługiwana platforma
	This computer: {host}	Ten komputer: {host}
	not saved (no data folder)	nie zapisuje się (brak folderu danych)
	Data folder: {path}	Folder danych: {path}
	Open ArtCraft Toolbox	Otwórz ArtCraft Toolbox
	Check for Updates	Sprawdź aktualizacje
	Quit ArtCraft Toolbox	Zakończ ArtCraft Toolbox
	{version} installed	{version} zainstalowana
	Not installed	Nie zainstalowano
	{version} available	Dostępna {version}
	{version} · up to date	{version} · aktualna
	{latest} available · {installed} installed	Dostępna {latest} · zainstalowana {installed}
	No build for this computer	Brak kompilacji dla tego komputera
	just now	przed chwilą
	in under a minute	za mniej niż minutę
	Checked {when}	Sprawdzono {when}
	Not checked yet	Jeszcze nie sprawdzono
	GitHub's request limit for this computer is used up; checking can resume {when}. A GitHub token in {variable} raises the limit.	Limit żądań do GitHuba z tego komputera został wyczerpany; sprawdzanie będzie można wznowić {when}. Token GitHuba w {variable} zwiększa limit.
	Couldn't check {app}: {error}	Nie udało się sprawdzić {app}: {error}
	Signed by {who}	Podpisane przez: {who}
	notarized	notaryzowane
	No platform signature	Brak podpisu platformy
	Signature not checked: {reason}	Podpis niesprawdzony: {reason}
	Available apps	Dostępne aplikacje
	Close search	Zamknij wyszukiwanie
	Details	Szczegóły
	Dismiss	Ukryj
	Keep previous versions	Zachowuj poprzednie wersje
	More actions for {app}	Więcej działań dla {app}
	Uninstall…	Odinstaluj…

# == Messages from the engine (shown by exact match)
	this session has no network access	ta sesja nie ma dostępu do sieci
	this session has no install location	ta sesja nie ma miejsca instalacji
	a check is already running	sprawdzanie już trwa
	the icons are already being refreshed	ikony są już odświeżane
	the server took too long to answer	serwer zbyt długo nie odpowiadał
	GitHub's request limit is used up	limit żądań do GitHuba został wyczerpany
	too many redirects	zbyt wiele przekierowań
	cancelled	anulowano
	the install stopped unexpectedly	instalacja nieoczekiwanie się zatrzymała
	Starting	Uruchamianie
	Verifying the release	Weryfikowanie wydania
	Downloading	Pobieranie
	Verifying	Weryfikowanie
	Installing	Instalowanie
	Checking the signature	Sprawdzanie podpisu

# == App descriptions (crates/catalog/catalog.toml)
	Image editing: layers, masks, type and real PSD files	Edycja obrazów: warstwy, maski, tekst i prawdziwe pliki PSD
	Vector illustration	Ilustracja wektorowa
	Video editing, color and sound	Montaż wideo, kolor i dźwięk
	Photo library and raw development	Biblioteka zdjęć i wywoływanie RAW
	Reading, organizing and protecting PDFs	Czytanie, porządkowanie i ochrona plików PDF
	Motion graphics and visual effects	Grafika ruchoma i efekty wizualne
	Page layout and publishing	Skład stron i publikowanie
	Computer-aided design and drafting	Projektowanie i kreślenie wspomagane komputerowo
	Presentations and slide shows	Prezentacje i pokazy slajdów
	Spreadsheets	Arkusze kalkulacyjne
	Audio recording, editing and mixing	Nagrywanie, edycja i miksowanie dźwięku
	Word processing	Edytor tekstu

# == Plurals
@plural	The app is removed, with {n} earlier version kept for rollback.|The app is removed, with {n} earlier versions kept for rollback.	Aplikacja zostanie usunięta razem z {n} poprzednią wersją zachowaną do przywrócenia.|Aplikacja zostanie usunięta razem z {n} poprzednimi wersjami zachowanymi do przywrócenia.|Aplikacja zostanie usunięta razem z {n} poprzednimi wersjami zachowanymi do przywrócenia.
@plural	{n} min ago|{n} min ago	{n} minutę temu|{n} minuty temu|{n} minut temu
@plural	{n} h ago|{n} h ago	{n} godzinę temu|{n} godziny temu|{n} godzin temu
@plural	{n} day ago|{n} days ago	{n} dzień temu|{n} dni temu|{n} dni temu
@plural	in {n} min|in {n} min	za {n} minutę|za {n} minuty|za {n} minut
@plural	in {n} h|in {n} h	za {n} godzinę|za {n} godziny|za {n} godzin
@plural	{n} app|{n} apps	{n} aplikacja|{n} aplikacje|{n} aplikacji
@plural	Couldn't check {n} app: {error}|Couldn't check {n} apps: {error}	Nie udało się sprawdzić {n} aplikacji: {error}|Nie udało się sprawdzić {n} aplikacji: {error}|Nie udało się sprawdzić {n} aplikacji: {error}
@plural	{first}, {second} and {n} more|{first}, {second} and {n} more	{first}, {second} i {n} inna|{first}, {second} i {n} inne|{first}, {second} i {n} innych

# == The toolbox updating itself (M5)
	This copy can't update itself: {reason}	Ta kopia nie może zaktualizować się sama: {reason}
	Quit ArtCraft Toolbox and start version {version}	Zamknij ArtCraft Toolbox i uruchom wersję {version}
	Restart to update	Uruchom ponownie, aby zaktualizować
	Update ArtCraft Toolbox to {version}	Zaktualizuj ArtCraft Toolbox do {version}
	Update ready	Aktualizacja gotowa
	ArtCraft Toolbox {version} will be used after a restart	ArtCraft Toolbox {version} zostanie użyty po ponownym uruchomieniu
	{version} is downloaded · restart to update	{version} jest pobrany · uruchom ponownie, aby zaktualizować
	{version} is available	{version} jest dostępny
	Up to date	Aktualne
	the toolbox is already updating	toolbox już się aktualizuje
	The AI creative studio	Kreatywne studio z AI
