# Traditional Chinese (Taiwan) (zh-hant) catalog for ArtCraft Toolbox. Columns, separated by a TAB:  context <TAB> source <TAB> translation
#
#   context  empty                a plain UI string; `source` is the English text in the code
#            @plural              `source` is "one|other" (the English forms); the translation lists the
#                                 language's forms separated by "|" (see `plural` in i18n/mod.rs)
#            anything else        a disambiguating context passed to `tr_ctx`
#   escapes  \n  \t  \\  inside a column. `{name}` placeholders must appear in both columns.
#   lines starting with # and blank lines are ignored.
#
# Clean-room: entries are written from the plain meaning of the English text in ordinary computing
# vocabulary, or taken from PhotoCraft's catalog for the same English string (MIT OR Apache-2.0,
# like this project). No proprietary localisation resource was consulted or copied.
# Product names (ArtCraft Toolbox, PhotoCraft, GitHub, macOS ...) stay as they are; the trailing "…"
# of commands that ask before acting is kept.

# == Interface
	Downloading {percent}%	正在下載 {percent}%
	Cancel	取消
	Stop; installing again resumes the download	停止；再次安裝會繼續下載
	Update {app} from {installed} to {latest}	將 {app} 從 {installed} 更新至 {latest}
	Update	更新
	Open	開啟
	Open {app}	開啟 {app}
	Let the toolbox update and roll back the {app} found on this computer	讓工具箱更新並回復在這部電腦上找到的 {app}
	Adopt	納入管理
	Install {app} {version}	安裝 {app} {version}
	Install	安裝
	Check for updates first	請先檢查更新
	No app matches “{query}”	沒有符合「{query}」的應用程式
	Installed	已安裝
	Update all ({n})	全部更新（{n}）
	Update every app that has an update	更新所有有可用更新的應用程式
	Checking {done} of {total}	正在檢查 {done}/{total}
	Check for updates	檢查更新
	Search apps	搜尋應用程式
	Couldn't check: {error}	無法檢查：{error}
	{version} installed outside the toolbox	已在工具箱外安裝 {version}
	{status} · pinned to {version}	{status} · 固定為 {version}
	Last check failed: {error}	上次檢查失敗：{error}
	Back	返回
	All apps	所有應用程式
	The app is removed.	將移除此應用程式。
	Uninstall {app} {version}?	要解除安裝 {app} {version} 嗎？
	Your documents and its settings are kept.	你的文件和此應用程式的設定會保留。
	Uninstall	解除安裝
	{status} · checked {when}	{status} · 上次檢查：{when}
	Releases	發行版本
	Website	網站
	Settings for {app}	{app} 的設定
	Channel	頻道
	Default ({value})	預設（{value}）
	Stable	穩定版
	Pre-release	預先發行版
	Updates	更新
	automatic	自動
	ask first	先詢問
	Automatic	自動
	Ask first	先詢問
	Version	版本
	Latest	最新
	Pinned to {version}	固定為 {version}
	Pin to {version}	固定到 {version}
	Versions	版本
	Not checked yet: check for updates to see versions and release notes.	尚未檢查：檢查更新後即可查看版本與發行說明。
	pre-release	預先發行
	in use	使用中
	kept	已保留
	pinned	已固定
	no build for this computer	沒有適用於這部電腦的版本
	Switch to this version	切換到此版本
	Install this version	安裝此版本
	Make {app} {version} the version in use, without downloading it	不需下載，將 {app} {version} 設為使用中的版本
	Download and install {app} {version}	下載並安裝 {app} {version}
	No release notes.	沒有發行說明。
	Open on GitHub	在 GitHub 上開啟
	Updated	已更新
	An automatic update failed: {error}	自動更新失敗：{error}
	Update available	有可用的更新
	Updates available	有可用的更新
	Settings	設定
	Apps	應用程式
	Install updates automatically	自動安裝更新
	Notify me when updates are found	找到更新時通知我
	Notifications aren't available here	這裡無法使用通知
	Keep running in the menu bar when the window is closed	關閉視窗後繼續在選單列中執行
	Keep running in the system tray when the window is closed	關閉視窗後繼續在系統匣中執行
	There is no menu bar or tray icon on this desktop	這個桌面沒有選單列或系統匣圖示
	Check every	檢查間隔
	h	小時
	0: only when asked	0：僅在要求時
	Appearance	外觀
	Language	語言
	Automatic ({language})	自動（{language}）
	Theme	主題
	Same as the system	與系統相同
	Dark	深色
	Light	淺色
	Text size	文字大小
	{n}%	{n}%
	Also {keys}	也可使用 {keys}
	About	關於
	unsupported platform	不支援的平台
	This computer: {host}	這部電腦：{host}
	not saved (no data folder)	不會儲存（沒有資料儲存位置）
	Data folder: {path}	資料儲存位置：{path}
	Open ArtCraft Toolbox	開啟 ArtCraft Toolbox
	Check for Updates	檢查更新
	Quit ArtCraft Toolbox	結束 ArtCraft Toolbox
	{version} installed	已安裝 {version}
	Not installed	未安裝
	{version} available	{version} 可安裝
	{version} · up to date	{version} · 已是最新版本
	{latest} available · {installed} installed	{latest} 可安裝 · 已安裝 {installed}
	No build for this computer	沒有適用於這部電腦的版本
	just now	剛剛
	in under a minute	一分鐘內
	Checked {when}	上次檢查：{when}
	Not checked yet	尚未檢查
	GitHub's request limit for this computer is used up; checking can resume {when}. A GitHub token in {variable} raises the limit.	這部電腦對 GitHub 的請求次數已用完；{when}可繼續檢查。在 {variable} 中設定 GitHub 權杖可提高上限。
	Couldn't check {app}: {error}	無法檢查 {app}：{error}
	Signed by {who}	簽署者：{who}
	notarized	已公證
	No platform signature	沒有平台簽章
	Signature not checked: {reason}	未檢查簽章：{reason}
	Available apps	可安裝的應用程式
	Close search	關閉搜尋
	Details	詳細資訊
	Dismiss	關閉
	Keep previous versions	保留舊版本
	More actions for {app}	{app} 的更多動作
	Uninstall…	解除安裝…

# == Messages from the engine (shown by exact match)
	this session has no network access	此工作階段無法存取網路
	this session has no install location	此工作階段沒有安裝位置
	a check is already running	檢查已在進行中
	the icons are already being refreshed	圖示已在重新整理中
	the server took too long to answer	伺服器回應逾時
	GitHub's request limit is used up	GitHub 的請求次數已用完
	too many redirects	重新導向次數過多
	cancelled	已取消
	the install stopped unexpectedly	安裝意外停止
	Starting	正在開始
	Verifying the release	正在驗證發行版本
	Downloading	正在下載
	Verifying	正在驗證
	Installing	正在安裝
	Checking the signature	正在檢查簽章

# == App descriptions (crates/catalog/catalog.toml)
	Image editing: layers, masks, type and real PSD files	影像編輯：圖層、遮色片、文字和真正的 PSD 檔案
	Vector illustration	向量插圖
	Video editing, color and sound	影片剪輯、調色與聲音
	Photo library and raw development	相片圖庫與 RAW 顯像
	Reading, organizing and protecting PDFs	閱讀、整理與保護 PDF
	Motion graphics and visual effects	動態圖像與視覺特效
	Page layout and publishing	頁面排版與出版
	Computer-aided design and drafting	電腦輔助設計與製圖
	Presentations and slide shows	簡報與投影片放映
	Spreadsheets	試算表
	Audio recording, editing and mixing	錄音、音訊編輯與混音
	Word processing	文書處理

# == Plurals
@plural	The app is removed, with {n} earlier version kept for rollback.|The app is removed, with {n} earlier versions kept for rollback.	將移除此應用程式，以及為回復而保留的 {n} 個舊版本。
@plural	{n} min ago|{n} min ago	{n} 分鐘前
@plural	{n} h ago|{n} h ago	{n} 小時前
@plural	{n} day ago|{n} days ago	{n} 天前
@plural	in {n} min|in {n} min	{n} 分鐘後
@plural	in {n} h|in {n} h	{n} 小時後
@plural	{n} app|{n} apps	{n} 個應用程式
@plural	Couldn't check {n} app: {error}|Couldn't check {n} apps: {error}	無法檢查 {n} 個應用程式：{error}
@plural	{first}, {second} and {n} more|{first}, {second} and {n} more	{first}、{second} 等另外 {n} 個

# == The toolbox updating itself (M5)
	This copy can't update itself: {reason}	此副本無法自行更新：{reason}
	Quit ArtCraft Toolbox and start version {version}	結束 ArtCraft Toolbox 並啟動版本 {version}
	Restart to update	重新啟動以更新
	Update ArtCraft Toolbox to {version}	將 ArtCraft Toolbox 更新到 {version}
	Update ready	更新已就緒
	ArtCraft Toolbox {version} will be used after a restart	ArtCraft Toolbox {version} 將在重新啟動後使用
	{version} is downloaded · restart to update	{version} 已下載 · 重新啟動以更新
	{version} is available	{version} 可用
	Up to date	已是最新
	the toolbox is already updating	toolbox 已在更新中
	The AI creative studio	AI 創意工作室
